-- 插入用戶數據 (users)
INSERT INTO users (name, password, user_type, created_at) VALUES
-- 50 個顧客
('customer1', 'password1', 'customer', '2025-01-01 10:00:00'),
('customer2', 'password2', 'customer', '2025-01-02 11:05:10'),
('customer3', 'password3', 'customer', '2025-01-03 09:15:22'),
('customer4', 'password4', 'customer', '2025-01-04 14:20:33'),
('customer5', 'password5', 'customer', '2025-01-05 16:25:44'),
('customer6', 'password6', 'customer', '2025-01-06 08:30:55'),
('customer7', 'password7', 'customer', '2025-01-07 12:35:06'),
('customer8', 'password8', 'customer', '2025-01-08 15:40:17'),
('customer9', 'password9', 'customer', '2025-01-09 09:45:28'),
('customer10', 'password10', 'customer', '2025-01-10 11:50:39'),
('customer11', 'password11', 'customer', '2025-01-11 13:55:50'),
('customer12', 'password12', 'customer', '2025-01-12 10:00:01'),
('customer13', 'password13', 'customer', '2025-01-13 11:05:12'),
('customer14', 'password14', 'customer', '2025-01-14 09:10:23'),
('customer15', 'password15', 'customer', '2025-01-15 14:15:34'),
('customer16', 'password16', 'customer', '2025-01-16 16:20:45'),
('customer17', 'password17', 'customer', '2025-01-17 08:25:56'),
('customer18', 'password18', 'customer', '2025-01-18 12:30:07'),
('customer19', 'password19', 'customer', '2025-01-19 15:35:18'),
('customer20', 'password20', 'customer', '2025-01-20 09:40:29'),
('customer21', 'password21', 'customer', '2025-01-21 11:45:40'),
('customer22', 'password22', 'customer', '2025-01-22 13:50:51'),
('customer23', 'password23', 'customer', '2025-01-23 10:55:02'),
('customer24', 'password24', 'customer', '2025-01-24 11:00:13'),
('customer25', 'password25', 'customer', '2025-01-25 09:05:24'),
('customer26', 'password26', 'customer', '2025-01-26 14:10:35'),
('customer27', 'password27', 'customer', '2025-01-27 16:15:46'),
('customer28', 'password28', 'customer', '2025-01-28 08:20:57'),
('customer29', 'password29', 'customer', '2025-01-29 12:25:08'),
('customer30', 'password30', 'customer', '2025-01-30 15:30:19'),
('customer31', 'password31', 'customer', '2025-01-31 09:35:30'),
('customer32', 'password32', 'customer', '2025-02-01 11:40:41'),
('customer33', 'password33', 'customer', '2025-02-02 13:45:52'),
('customer34', 'password34', 'customer', '2025-02-03 10:50:03'),
('customer35', 'password35', 'customer', '2025-02-04 11:55:14'),
('customer36', 'password36', 'customer', '2025-02-05 09:00:25'),
('customer37', 'password37', 'customer', '2025-02-06 14:05:36'),
('customer38', 'password38', 'customer', '2025-02-07 16:10:47'),
('customer39', 'password39', 'customer', '2025-02-08 08:15:58'),
('customer40', 'password40', 'customer', '2025-02-09 12:20:09'),
('customer41', 'password41', 'customer', '2025-02-10 15:25:20'),
('customer42', 'password42', 'customer', '2025-02-11 09:30:31'),
('customer43', 'password43', 'customer', '2025-02-12 11:35:42'),
('customer44', 'password44', 'customer', '2025-02-13 13:40:53'),
('customer45', 'password45', 'customer', '2025-02-14 10:45:04'),
('customer46', 'password46', 'customer', '2025-02-15 11:50:15'),
('customer47', 'password47', 'customer', '2025-02-16 09:55:26'),
('customer48', 'password48', 'customer', '2025-02-17 14:00:37'),
('customer49', 'password49', 'customer', '2025-02-18 16:05:48'),
('customer50', 'password50', 'customer', '2025-02-19 08:10:59'),

-- 50 個員工
('staff1', 'password51', 'staff', '2025-01-01 08:00:00'),
('staff2', 'password52', 'staff', '2025-01-02 08:30:10'),
('staff3', 'password53', 'staff', '2025-01-03 09:00:20'),
('staff4', 'password54', 'staff', '2025-01-04 09:30:30'),
('staff5', 'password55', 'staff', '2025-01-05 10:00:40'),
('staff6', 'password56', 'staff', '2025-01-06 10:30:50'),
('staff7', 'password57', 'staff', '2025-01-07 11:00:00'),
('staff8', 'password58', 'staff', '2025-01-08 11:30:10'),
('staff9', 'password59', 'staff', '2025-01-09 12:00:20'),
('staff10', 'password60', 'staff', '2025-01-10 12:30:30'),
('staff11', 'password61', 'staff', '2025-01-11 13:00:40'),
('staff12', 'password62', 'staff', '2025-01-12 13:30:50'),
('staff13', 'password63', 'staff', '2025-01-13 14:00:00'),
('staff14', 'password64', 'staff', '2025-01-14 14:30:10'),
('staff15', 'password65', 'staff', '2025-01-15 15:00:20'),
('staff16', 'password66', 'staff', '2025-01-16 15:30:30'),
('staff17', 'password67', 'staff', '2025-01-17 16:00:40'),
('staff18', 'password68', 'staff', '2025-01-18 16:30:50'),
('staff19', 'password69', 'staff', '2025-01-19 17:00:00'),
('staff20', 'password70', 'staff', '2025-01-20 17:30:10'),
('staff21', 'password71', 'staff', '2025-01-21 08:00:20'),
('staff22', 'password72', 'staff', '2025-01-22 08:30:30'),
('staff23', 'password73', 'staff', '2025-01-23 09:00:40'),
('staff24', 'password74', 'staff', '2025-01-24 09:30:50'),
('staff25', 'password75', 'staff', '2025-01-25 10:00:00'),
('staff26', 'password76', 'staff', '2025-01-26 10:30:10'),
('staff27', 'password77', 'staff', '2025-01-27 11:00:20'),
('staff28', 'password78', 'staff', '2025-01-28 11:30:30'),
('staff29', 'password79', 'staff', '2025-01-29 12:00:40'),
('staff30', 'password80', 'staff', '2025-01-30 12:30:50'),
('staff31', 'password81', 'staff', '2025-01-31 13:00:00'),
('staff32', 'password82', 'staff', '2025-02-01 13:30:10'),
('staff33', 'password83', 'staff', '2025-02-02 14:00:20'),
('staff34', 'password84', 'staff', '2025-02-03 14:30:30'),
('staff35', 'password85', 'staff', '2025-02-04 15:00:40'),
('staff36', 'password86', 'staff', '2025-02-05 15:30:50'),
('staff37', 'password87', 'staff', '2025-02-06 16:00:00'),
('staff38', 'password88', 'staff', '2025-02-07 16:30:10'),
('staff39', 'password89', 'staff', '2025-02-08 17:00:20'),
('staff40', 'password90', 'staff', '2025-02-09 17:30:30'),
('staff41', 'password91', 'staff', '2025-02-10 08:00:40'),
('staff42', 'password92', 'staff', '2025-02-11 08:30:50'),
('staff43', 'password93', 'staff', '2025-02-12 09:00:00'),
('staff44', 'password94', 'staff', '2025-02-13 09:30:10'),
('staff45', 'password95', 'staff', '2025-02-14 10:00:20'),
('staff46', 'password96', 'staff', '2025-02-15 10:30:30'),
('staff47', 'password97', 'staff', '2025-02-16 11:00:40'),
('staff48', 'password98', 'staff', '2025-02-17 11:30:50'),
('staff49', 'password99', 'staff', '2025-02-18 12:00:00'),
('staff50', 'password100', 'staff', '2025-02-19 12:30:10');

-- 插入員工數據 (staff)
INSERT INTO staff (user_id) VALUES
(51), (52), (53), (54), (55), (56), (57), (58), (59), (60),
(61), (62), (63), (64), (65), (66), (67), (68), (69), (70),
(71), (72), (73), (74), (75), (76), (77), (78), (79), (80),
(81), (82), (83), (84), (85), (86), (87), (88), (89), (90),
(91), (92), (93), (94), (95), (96), (97), (98), (99), (100);

-- 插入客戶數據 (customer)
INSERT INTO customer (user_id, email, address, balance) VALUES
(1, 'customer1@example.com', '台北市信義區松高路1號', 500.00),
(2, 'customer2@example.com', '台北市大安區忠孝東路200號', 750.50),
(3, 'customer3@example.com', '台北市中正區重慶南路50號', 1200.75),
(4, 'customer4@example.com', '台北市松山區南京東路3段300號', 980.25),
(5, 'customer5@example.com', '台北市內湖區文德路100號', 1500.00),
(6, 'customer6@example.com', '台北市士林區德行東路150號', 620.30),
(7, 'customer7@example.com', '台北市北投區石牙路200號', 850.75),
(8, 'customer8@example.com', '台北市萬華區中山北路250號', 720.40),
(9, 'customer9@example.com', '台北市文山區木柳路30號', 930.60),
(10, 'customer10@example.com', '台北市南港區爐峰路80號', 1100.20),
(11, 'customer11@example.com', '新北市板橋區文化路1段100號', 650.00),
(12, 'customer12@example.com', '新北市三重區重陸路2段150號', 780.50),
(13, 'customer13@example.com', '新北市中和區中和路3段200號', 920.75),
(14, 'customer14@example.com', '新北市新莊區新泰路4段250號', 1050.25),
(15, 'customer15@example.com', '新北市新店區民權路5段300號', 590.00),
(16, 'customer16@example.com', '新北市土城區學府路6段350號', 830.30),
(17, 'customer17@example.com', '新北市樹林區樹福路7段400號', 670.75),
(18, 'customer18@example.com', '新北市淡水區淡金路8段450號', 910.40),
(19, 'customer19@example.com', '新北市汐止區汐新路9段500號', 740.60),
(20, 'customer20@example.com', '新北市瑞芳區瑞光路10段550號', 880.20),
(21, 'customer21@example.com', '桃園市桃園區桃園路1號', 950.00),
(22, 'customer22@example.com', '桃園市中壢區中山路2號', 1080.50),
(23, 'customer23@example.com', '桃園市平鎮區平東路3號', 720.75),
(24, 'customer24@example.com', '桃園市八德區八德路4號', 850.25),
(25, 'customer25@example.com', '桃園市大溪區大溪路5號', 690.00),
(26, 'customer26@example.com', '桃園市龍潭區龍潭路6號', 930.30),
(27, 'customer27@example.com', '桃園市龍潭區龍潭路7號', 770.75),
(28, 'customer28@example.com', '桃園市觀音區觀音路8號', 1010.40),
(29, 'customer29@example.com', '桃園市新屋區新屋路9號', 840.60),
(30, 'customer30@example.com', '桃園市桃園區桃園路10號', 980.20),
(31, 'customer31@example.com', '台中市西屯區西屯路1號', 600.00),
(32, 'customer32@example.com', '台中市南屯區南屯路2號', 730.50),
(33, 'customer33@example.com', '台中市北屯區北屯路3號', 870.75),
(34, 'customer34@example.com', '台中市北區北區路4號', 1000.25),
(35, 'customer35@example.com', '台中市西區西區路5號', 540.00),
(36, 'customer36@example.com', '台中市南區南區路6號', 780.30),
(37, 'customer37@example.com', '台中市中區中區路7號', 620.75),
(38, 'customer38@example.com', '台中市東區東區路8號', 860.40),
(39, 'customer39@example.com', '台中市南屯區南屯路9號', 690.60),
(40, 'customer40@example.com', '台中市北屯區北屯路10號', 830.20),
(41, 'customer41@example.com', '台南市東區東區路1號', 900.00),
(42, 'customer42@example.com', '台南市南區南區路2號', 1030.50),
(43, 'customer43@example.com', '台南市北區北區路3號', 670.75),
(44, 'customer44@example.com', '台南市安南區安南路4號', 800.25),
(45, 'customer45@example.com', '台南市安平區安平路5號', 640.00),
(46, 'customer46@example.com', '台南市中西區中西路6號', 880.30),
(47, 'customer47@example.com', '台南市新營區新營路7號', 720.75),
(48, 'customer48@example.com', '台南市南化區南化路8號', 960.40),
(49, 'customer49@example.com', '台南市永康區永康路9號', 790.60),
(50, 'customer50@example.com', '高雄市鼓山區美術北三路100號', 930.20);


-- 擴充書籍資料到 100 筆
INSERT INTO books (ISBN, title, author, publisher, price, stock, type, language, publish_date) VALUES
(9780005, '現代物理學概論', '陳光明', '科學教育出版社', 480.00, 15, '教科書', '繁體中文', '2024-03-10'),
(9780006, '有機化學基礎', '林雅婷', '化學研究出版社', 520.00, 0, '教科書', '繁體中文', '2024-02-05'),
(9780007, '經濟學原理', '張志豪', '經濟學出版社', 450.00, 30, '教科書', '繁體中文', '2024-01-20'),
(9780008, '行銷管理學', '王美玲', '商業管理出版社', 420.00, 25, '教科書', '繁體中文', '2024-03-15'),
(9780009, '心理學入門', '李偉誠', '心理學出版社', 380.00, 35, '教科書', '繁體中文', '2024-02-10'),
(9780010, '統計學與數據分析', '陳建志', '統計學出版社', 490.00, 20, '教科書', '繁體中文', '2024-04-05'),
(9780011, '程式設計：Python', '林志明', '程式設計出版社', 420.00, 40, '教科書', '繁體中文', '2024-01-25'),
(9780012, '資料庫系統概論', '張雅琪', '資訊科學出版社', 460.00, 30, '教科書', '繁體中文', '2024-03-20'),
(9780013, '人工智能導論', '王大為', '人工智能出版社', 550.00, 25, '教科書', '繁體中文', '2024-02-15'),
(9780014, '網路安全基礎', '李安全', '網路科技出版社', 480.00, 20, '教科書', '繁體中文', '2024-04-10'),
(9780015, '雲端計算技術', '陳雲峰', '雲端技術出版社', 520.00, 15, '教科書', '繁體中文', '2024-03-05'),
(9780016, '大數據分析', '林大數', '數據科學出版社', 490.00, 25, '教科書', '繁體中文', '2024-02-25'),
(9780017, '機器學習實務', '張學習', '人工智能出版社', 530.00, 20, '教科書', '繁體中文', '2024-04-15'),
(9780018, '區塊鏈技術與應用', '王鏈子', '區塊鏈出版社', 510.00, 15, '教科書', '繁體中文', '2024-03-10'),
(9780019, '物聯網概論', '李物聯', '物聯網出版社', 470.00, 25, '教科書', '繁體中文', '2024-02-20'),
(9780020, '軟體工程學', '陳工程', '軟體工程出版社', 440.00, 30, '教科書', '繁體中文', '2024-01-15'),
(9780021, '計算機組織與架構', '林架構', '計算機科學出版社', 500.00, 20, '教科書', '繁體中文', '2024-03-25'),
(9780022, '作業系統原理', '張系統', '計算機科學出版社', 480.00, 25, '教科書', '繁體中文', '2024-02-10'),
(9780023, '編譯器設計', '王編譯', '程式設計出版社', 520.00, 15, '教科書', '繁體中文', '2024-04-20'),
(9780024, '電子商務概論', '李商務', '商業管理出版社', 420.00, 35, '教科書', '繁體中文', '2024-01-30'),
(9780025, '管理資訊系統', '陳資訊', '資訊管理出版社', 450.00, 30, '教科書', '繁體中文', '2024-03-15'),
(9780026, '企業資源規劃', '林規劃', '企業管理出版社', 480.00, 25, '教科書', '繁體中文', '2024-02-05'),
(9780027, '顧客關係管理', '張關係', '商業管理出版社', 430.00, 30, '教科書', '繁體中文', '2024-04-10'),
(9780028, '供應鏈管理', '王供應', '物流管理出版社', 460.00, 25, '教科書', '繁體中文', '2024-03-01'),
(9780029, '專案管理學', '李專案', '管理學出版社', 440.00, 30, '教科書', '繁體中文', '2024-01-25'),
(9780030, '金融市場與投資', '陳金融', '財務金融出版社', 490.00, 20, '教科書', '繁體中文', '2024-03-20'),
(9780031, '國際貿易理論', '林國際', '經濟學出版社', 460.00, 25, '教科書', '繁體中文', '2024-02-15'),
(9780032, '會計學原理', '張會計', '會計學出版社', 430.00, 35, '教科書', '繁體中文', '2024-04-05'),
(9780033, '成本會計學', '王成本', '會計學出版社', 450.00, 30, '教科書', '繁體中文', '2024-01-20'),
(9780034, '審計學概論', '李審計', '會計學出版社', 470.00, 25, '教科書', '繁體中文', '2024-03-10'),
(9780035, '稅務法規', '陳稅務', '法律出版社', 440.00, 30, '教科書', '繁體中文', '2024-02-05'),
(9780036, '商業法律', '林法律', '法律出版社', 420.00, 35, '教科書', '繁體中文', '2024-04-15'),
(9780037, '人力資源管理', '張人力', '管理學出版社', 450.00, 30, '教科書', '繁體中文', '2024-03-05'),
(9780038, '組織行為學', '王組織', '管理學出版社', 430.00, 35, '教科書', '繁體中文', '2024-01-30'),
(9780039, '領導與決策', '李領導', '管理學出版社', 460.00, 25, '教科書', '繁體中文', '2024-03-25'),
(9780040, '行銷研究方法', '陳研究', '行銷學出版社', 440.00, 30, '教科書', '繁體中文', '2024-02-20'),
(9780041, '消費者行為學', '林消費', '行銷學出版社', 420.00, 35, '教科書', '繁體中文', '2024-04-10'),
(9780042, '品牌管理', '張品牌', '行銷學出版社', 450.00, 30, '教科書', '繁體中文', '2024-03-01'),
(9780043, '數位行銷', '王數位', '行銷學出版社', 470.00, 25, '教科書', '繁體中文', '2024-01-25'),
(9780044, '服務行銷', '李服務', '行銷學出版社', 430.00, 35, '教科書', '繁體中文', '2024-03-20'),
(9780045, '國際行銷', '陳國際', '行銷學出版社', 460.00, 30, '教科書', '繁體中文', '2024-02-15'),
(9780046, '社會學導論', '林社會', '社會科學出版社', 380.00, 40, '教科書', '繁體中文', '2024-04-05'),
(9780047, '文化人類學', '張文化', '人類學出版社', 400.00, 35, '教科書', '繁體中文', '2024-01-20'),
(9780048, '政治學概論', '王政治', '政治學出版社', 420.00, 30, '教科書', '繁體中文', '2024-03-10'),
(9780049, '國際關係理論', '李國際', '政治學出版社', 450.00, 25, '教科書', '繁體中文', '2024-02-05'),
(9780050, '公共政策分析', '陳政策', '政治學出版社', 430.00, 30, '教科書', '繁體中文', '2024-04-15'),
(9780051, '台灣政治發展', '林台灣', '政治學出版社', 410.00, 35, '教科書', '繁體中文', '2024-03-05'),
(9780052, '中國政治與外交', '張中國', '政治學出版社', 440.00, 30, '教科書', '繁體中文', '2024-01-30'),
(9780053, '美國政治制度', '王美國', '政治學出版社', 420.00, 35, '教科書', '繁體中文', '2024-03-25'),
(9780054, '歐盟政治與經濟', '李歐盟', '政治學出版社', 450.00, 30, '教科書', '繁體中文', '2024-02-20'),
(9780055, '日本政治與社會', '陳日本', '政治學出版社', 430.00, 35, '教科書', '繁體中文', '2024-04-10'),
(9780056, '環境政策與永續發展', '林環境', '環境科學出版社', 460.00, 25, '教科書', '繁體中文', '2024-03-01'),
(9780057, '氣候變遷與調適', '張氣候', '環境科學出版社', 480.00, 20, '教科書', '繁體中文', '2024-01-25'),
(9780058, '生物多樣性保育', '王生物', '環境科學出版社', 450.00, 25, '教科書', '繁體中文', '2024-03-20'),
(9780059, '環境倫理學', '李倫理', '環境科學出版社', 420.00, 30, '教科書', '繁體中文', '2024-02-15'),
(9780060, '綠色經濟學', '陳綠色', '環境科學出版社', 440.00, 25, '教科書', '繁體中文', '2024-04-05'),
(9780061, '哲學導論', '林哲學', '哲學出版社', 380.00, 40, '教科書', '繁體中文', '2024-01-20'),
(9780062, '倫理學原理', '張倫理', '哲學出版社', 400.00, 35, '教科書', '繁體中文', '2024-03-10'),
(9780063, '邏輯學入門', '王邏輯', '哲學出版社', 370.00, 40, '教科書', '繁體中文', '2024-02-05'),
(9780064, '美學與藝術哲學', '李美學', '哲學出版社', 390.00, 35, '教科書', '繁體中文', '2024-04-15'),
(9780065, '東方哲學思想', '陳東方', '哲學出版社', 410.00, 30, '教科書', '繁體中文', '2024-03-05'),
(9780066, '西方哲學史', '林西方', '哲學出版社', 430.00, 25, '教科書', '繁體中文', '2024-01-30'),
(9780067, '現代主義文學', '張現代', '文學出版社', 360.00, 40, '文學', '繁體中文', '2024-03-25'),
(9780068, '後現代主義文學', '王後現', '文學出版社', 370.00, 35, '文學', '繁體中文', '2024-02-20'),
(9780069, '台灣文學史', '李台灣', '文學出版社', 350.00, 45, '文學', '繁體中文', '2024-04-10'),
(9780070, '中國古典文學', '陳古典', '文學出版社', 380.00, 40, '文學', '繁體中文', '2024-03-01'),
(9780071, '世界文學名著賞析', '林世界', '文學出版社', 390.00, 35, '文學', '繁體中文', '2024-01-25'),
(9780072, '詩歌創作與鑑賞', '張詩歌', '文學出版社', 340.00, 45, '文學', '繁體中文', '2024-03-20'),
(9780073, '小說寫作技巧', '王小說', '文學出版社', 360.00, 40, '文學', '繁體中文', '2024-02-15'),
(9780074, '戲劇理論與實踐', '李戲劇', '藝術出版社', 380.00, 35, '藝術', '繁體中文', '2024-04-05'),
(9780075, '電影藝術導論', '陳電影', '藝術出版社', 400.00, 30, '藝術', '繁體中文', '2024-01-20'),
(9780076, '音樂理論基礎', '林音樂', '藝術出版社', 370.00, 40, '藝術', '繁體中文', '2024-03-10'),
(9780077, '視覺藝術概論', '張視覺', '藝術出版社', 390.00, 35, '藝術', '繁體中文', '2024-02-05'),
(9780078, '舞蹈藝術與文化', '王舞蹈', '藝術出版社', 360.00, 40, '藝術', '繁體中文', '2024-04-15'),
(9780079, '攝影藝術技巧', '李攝影', '藝術出版社', 380.00, 35, '藝術', '繁體中文', '2024-03-05'),
(9780080, '數學分析', '陳數學', '數學出版社', 470.00, 25, '教科書', '繁體中文', '2024-01-30'),
(9780081, '線性代數', '林線性', '數學出版社', 450.00, 30, '教科書', '繁體中文', '2024-03-25'),
(9780082, '微積分學', '張微積', '數學出版社', 480.00, 25, '教科書', '繁體中文', '2024-02-20'),
(9780083, '離散數學', '王離散', '數學出版社', 460.00, 30, '教科書', '繁體中文', '2024-04-10'),
(9780084, '機率論與統計', '李機率', '數學出版社', 490.00, 25, '教科書', '繁體中文', '2024-03-01'),
(9780085, '微分方程', '陳微分', '數學出版社', 500.00, 20, '教科書', '繁體中文', '2024-01-25'),
(9780086, '複變函數論', '林複變', '數學出版社', 480.00, 25, '教科書', '繁體中文', '2024-03-20'),
(9780087, '拓撲學入門', '張拓撲', '數學出版社', 510.00, 20, '教科書', '繁體中文', '2024-02-15'),
(9780088, '數值分析', '王數值', '數學出版社', 470.00, 25, '教科書', '繁體中文', '2024-04-05'),
(9780089, '抽象代數', '李抽象', '數學出版社', 490.00, 20, '教科書', '繁體中文', '2024-01-20'),
(9780090, '幾何學', '陳幾何', '數學出版社', 460.00, 25, '教科書', '繁體中文', '2024-03-10'),
(9780091, '生物學原理', '林生物', '生物科學出版社', 450.00, 30, '教科書', '繁體中文', '2024-02-05'),
(9780092, '分子生物學', '張分子', '生物科學出版社', 480.00, 25, '教科書', '繁體中文', '2024-04-15'),
(9780093, '細胞生物學', '王細胞', '生物科學出版社', 470.00, 25, '教科書', '繁體中文', '2024-03-05'),
(9780094, '生態學概論', '李生態', '生物科學出版社', 440.00, 30, '教科書', '繁體中文', '2024-01-30'),
(9780095, '演化生物學', '陳演化', '生物科學出版社', 460.00, 25, '教科書', '繁體中文', '2024-03-25'),
(9780096, '遺傳學', '林遺傳', '生物科學出版社', 470.00, 25, '教科書', '繁體中文', '2024-02-20'),
(9780097, '微生物學', '張微生', '生物科學出版社', 450.00, 30, '教科書', '繁體中文', '2024-04-10'),
(9780098, '免疫學', '王免疫', '生物科學出版社', 480.00, 25, '教科書', '繁體中文', '2024-03-01'),
(9780099, '神經科學', '李神經', '生物科學出版社', 490.00, 20, '教科書', '繁體中文', '2024-01-25'),
(9780100, '生物資訊學', '陳資訊', '生物科學出版社', 500.00, 20, '教科書', '繁體中文', '2024-03-20');

-- 插入訂單數據 (10 筆)
INSERT INTO orders (user_id, order_date, order_status) VALUES
(1, '2025-03-01', '已完成'),
(2, '2025-03-02', '處理中'),
(3, '2025-03-03', '已完成'),
(4, '2025-03-04', '待處理'),
(5, '2025-03-05', '已完成'),
(6, '2025-03-06', '處理中'),
(7, '2025-03-07', '已完成'),
(8, '2025-03-08', '待處理'),
(9, '2025-03-09', '已完成'),
(10, '2025-03-10', '處理中');

-- 插入訂單項目數據 (10 筆)
INSERT INTO order_items (order_id, ISBN, quantity) VALUES
(1, 9780001, 2),
(1, 9780005, 1),
(2, 9780002, 1),
(3, 9780003, 3),
(4, 9780010, 2),
(5, 9780015, 1),
(6, 9780020, 2),
(7, 9780025, 1),
(8, 9780030, 3),
(9, 9780035, 2),
(10, 9780040, 1);

-- 插入採購訂單數據 (10 筆)
INSERT INTO purchases_orders (user_id, purchase_date, purchase_status) VALUES
(1, '2025-02-15', '已完成'),
(2, '2025-02-18', '處理中'),
(3, '2025-02-20', '已完成'),
(4, '2025-02-22', '待處理'),
(5, '2025-02-25', '已完成'),
(6, '2025-02-28', '處理中'),
(7, '2025-03-02', '已完成'),
(8, '2025-03-05', '待處理'),
(9, '2025-03-08', '已完成'),
(10, '2025-03-10', '處理中');

-- 插入採購訂單項目數據 (10 筆)
INSERT INTO po_items (purchase_id, ISBN, quantity) VALUES
(1, 9780001, 10),
(2, 9780002, 15),
(3, 9780003, 20),
(4, 9780010, 12),
(5, 9780020, 18),
(6, 9780030, 15),
(7, 9780040, 10),
(8, 9780050, 20),
(9, 9780060, 15),
(10, 9780070, 10);

-- 插入補貨數據 (10 筆)
INSERT INTO restock (ISBN, quantity) VALUES
(9780001, 15),
(9780010, 20),
(9780020, 10),
(9780030, 15),
(9780040, 20),
(9780050, 10),
(9780060, 15),
(9780070, 20),
(9780080, 10),
(9780090, 15);

-- 插入待退貨訂單數據 (10 筆)
INSERT INTO order_pending (order_id) VALUES
(1),
(2),
(3),
(4),
(5),
(6),
(7),
(8),
(9),
(10);

-- 插入待簽收採購訂單數據 (10 筆)
INSERT INTO purchase_pending (purchase_id, user_id) VALUES
(1, 51),
(2, 52),
(3, 53),
(4, 54),
(5, 55),
(6, 56),
(7, 57),
(8, 58),
(9, 59),
(10, 60);
